Residue,Residue_ID,Phi (degrees),Psi (degrees)
K,3,-114.07276441455784,160.43975344130385
V,4,-98.86508470835439,137.57821049260968
I,5,-79.94903572044272,124.77724316813513
P,6,-47.028913770097006,124.68834665728608
K,7,-120.5321494218439,132.91849524821808
Q,8,-82.74460472486697,132.63183061530472
E,9,-81.19381382052198,161.5114750811743
G,10,110.24469202778984,159.67048615051112
L,11,-87.51346270451164,-27.987890731326743
D,12,-150.48169784352964,127.39132355957005
H,13,-113.33745448515707,12.231088269576185
S,14,-57.546711451558124,-45.5387413761708
V,15,-55.894179787615975,-38.54632440883413
D,16,-72.19106679615035,-32.16453255933802
F,17,-66.89450670098243,-41.2898196902406
L,18,-66.55880062327307,-37.43472131997842
R,19,-65.67751680431665,-42.254714550950816
E,20,-101.35318184033717,-10.969710875542646
G,21,41.906538730779424,-113.99797045350111
Y,22,-67.76223545525541,-16.861627954331325
L,23,-96.46836325572326,6.795265407975743
F,24,-65.76591523431865,-58.32420958748038
V,25,-62.28108543002502,-48.894820615837425
A,26,-60.395415973257855,-39.08330892052553
N,27,-62.02835783938852,-43.31774849195804
R,28,-76.11698773575883,-34.212692747481384
R,29,-61.17840488692428,-40.81263213134205
K,30,-67.90980318466784,-47.38087551459956
S,31,-59.04007914125804,-56.15648343437668
F,32,-70.10296936914297,-16.77716409492178
Q,33,55.18706254007783,51.51732204464835
S,34,-144.67273935665023,151.2724776173813
N,35,-90.369666113067,4.241102583657344
I,36,-145.483933718643,145.3733297709428
F,37,-159.8838580769557,179.54336022122544
E,38,-135.12106929516452,131.00617474145798
S,39,-128.54385190363124,174.65610117741596
R,40,-119.42528748897597,124.7808279956625
L,41,-158.18538488209768,160.1412110264437
L,42,45.94081566932327,38.81052468683894
G,43,78.10501577133934,4.696596211708436
E,44,-134.35289233717387,157.17622642139898
R,45,-61.957490206148094,135.29797768404876
V,46,-132.13803944661424,135.19054261758663
I,47,-100.15472790365669,128.34627874132892
C,48,-109.054300244075,143.43193964686986
L,49,-137.3353985177175,153.91365157127825
G,50,-156.7997498338222,155.50481190171067
G,51,103.56776747450967,167.21365155741108
E,52,-49.93585971855353,-52.06944830400564
E,53,-77.3013451659631,-40.020941731589986
A,54,-61.178116599637384,-33.53429626919154
A,55,-65.75842013170629,-49.839756158699196
E,56,-54.967724600512554,-35.648900827906445
V,57,-73.89479214969921,-43.03401479500817
F,58,-57.191292191157515,-35.42701805156895
Y,59,-94.1646806103662,17.22942585371578
D,60,-88.33543638253451,103.70399067527441
A,61,-60.9409635179904,-14.4822106394025
N,62,-71.0903415529607,-26.156033503895088
K,63,-113.04582740953475,-22.82492405096649
F,64,-129.37962694310306,151.75114826069967
T,65,-136.9492817319535,140.68709754319406
R,66,-90.00354112891236,-4.3773135166180435
Q,67,-52.518520894078634,116.50355983062677
D,68,60.08534839165173,11.867616426322698
A,69,-59.65446302734566,-60.74003297398758
A,70,-65.98560824133621,137.36346856570586
P,71,-71.52096504368882,148.01925207794525
K,72,-62.979778148293505,-28.605719196495514
R,73,-52.73152450814765,-52.83578599885574
L,74,-67.83781764322076,-35.796375197418655
L,75,-56.199008993737884,-34.34049366582866
K,76,-79.09915774177861,-31.598778260475267
T,77,-110.16474030729006,-45.80666631897285
L,78,-104.1447027850889,-37.266211496704024
F,79,-102.06204331443577,-30.551943733357263
G,80,82.25794799979786,157.4687474190546
E,81,-98.55691755378176,144.12527212067826
G,82,65.2207573389786,6.823899832760003
G,83,-65.18791876760454,171.01348716474908
V,84,-54.82048322878387,-27.584065755035386
Q,85,-55.15643885572845,-30.398689613692248
T,86,-100.50204355017055,15.42973553425903
L,87,-106.27945037327493,170.525572700896
D,88,-137.18888965838053,148.26944827510928
G,89,34.26565462703382,-125.27532233512967
S,90,-66.03291176089789,-36.75393946877971
E,91,-61.65099901360266,-45.354142783926505
H,92,-64.70552884432571,-42.51113074070621
T,93,-62.35988496295601,-39.538205338535846
H,94,-65.99379413946941,-43.79243121937944
R,95,-71.10606569393471,-38.84114161211405
K,96,-62.04327954658165,-34.28587154272557
Q,97,-66.44375566840124,-30.736646721872223
M,98,-60.99433915010313,-42.19902103674321
F,99,-69.8183563965741,-43.96617611436188
M,100,-69.31637492301765,-13.696789277275727
S,101,-62.83445914488169,-28.050929157409822
L,102,-77.02425699183114,-33.246315104353705
M,103,-78.34471649874483,38.312281469392616
T,104,-77.83091820945701,152.46326854649823
K,105,-51.77262721396363,-38.40779675342424
E,106,-71.09175672910418,-47.01878965949492
N,107,-67.5465949810008,-35.90687241909928
I,108,-65.83904168523661,-39.47404115860876
D,109,-56.608487307604776,-41.91951298059602
R,110,-54.89938219046048,-50.64275647095776
L,111,-54.558279114828174,-45.07470690879347
L,112,-71.09811615962406,-25.645199018868524
R,113,-70.10184896414624,-38.56452402706364
L,114,-65.80328391146374,-38.78561864643854
T,115,-71.477658505347,-43.45075313152068
Y,116,-53.041142823564336,-47.041460756541206
R,117,-58.18607986002551,-49.532925799505875
E,118,-62.71193435861945,-46.192042945660354
W,119,-54.12854130937923,-34.000988116782835
N,120,-55.10512220524723,-31.064982700525942
Q,121,-77.98267013238204,-18.370459531702554
I,122,-60.73020317117524,-21.905161865488544
E,123,-61.938583459077165,-29.655136734513643
R,124,-81.61517571773021,11.127446781598136
M,125,-87.67246415106106,-2.7333902674097432
G,126,74.09576933281285,-156.8865967286703
E,127,-76.3357310965872,-8.751854371438457
E,128,-143.425172604047,106.5977824917661
I,129,-123.54616426161097,141.6980761354921
V,130,-88.21556896168484,112.56303649306433
L,131,-61.92657784396874,-33.85314435588858
Y,132,-66.02486059596838,-43.22070213109495
D,133,-61.16920229493748,-54.425075842290994
I,134,-61.425293631245005,-46.28009007611355
A,135,-53.32451462601717,-49.227050268231075
Q,136,-56.62340720193284,-46.759817032142124
E,137,-67.22713980582145,-39.12186701846154
V,138,-58.899284694099975,-47.60975980505582
L,139,-68.16329443718526,-40.82583605828752
M,140,-63.158442393963654,-49.570654081118946
K,141,-60.87113342018946,-44.46913627038488
A,142,-63.63143280972543,-48.35650139153585
V,143,-72.62972745883609,-32.73396820317959
C,144,-63.18498241152761,-48.251291528538886
E,145,-61.10731971393822,-40.920245732014386
W,146,-61.51125772954098,-34.62707787162372
S,147,-92.89969946078041,8.988616784138982
G,148,62.18462599788648,32.49454804741017
V,149,-98.6420092946281,110.67722568777066
P,150,-58.77943305129576,125.6314775193851
L,151,-136.19142938222257,101.53709414200877
A,152,-69.33660889056033,156.1942118184409
K,153,-60.376389287390246,-51.211609387435715
E,154,-60.674155899647076,-18.50446946539837
E,155,-105.79808849323075,21.817522260247674
V,156,-75.27585730420955,-50.47665350778498
G,157,-47.562465300919065,-53.194085097656135
K,158,-62.2404176626209,-51.10285037164247
R,159,-66.26172115260981,-39.23981721096277
T,160,-67.57131152713376,-42.20206436250603
E,161,-52.006559518962106,-44.517116065708784
E,162,-62.489787855650505,-48.848391888796996
M,163,-58.3439221955527,-39.85915898991748
R,164,-62.03676100535596,-42.715392889248356
L,165,-66.32003732842901,-31.482425973346686
L,166,-64.03470110953148,-53.47966230580242
F,167,-79.39603091769463,-2.363334675047695
E,168,-102.59393981608189,14.284249515268545
S,169,-106.16958804729147,22.70760320488656
G,170,-67.77619189388119,-39.61112821127943
T,171,-104.72628471475706,144.8302412393061
S,172,-147.24143819052782,29.988513830029582
L,173,-81.57452587491818,111.4580303793162
G,174,131.54423863212992,-143.98735045964867
P,175,-78.2714571778471,-12.352288293372967
T,176,-79.87475560115739,-35.63089594487858
Y,177,-52.43488022807597,-65.25303897998606
L,178,-58.66897272610215,-25.903916302597754
Q,179,-64.43845717166532,-48.12313897715803
G,180,-54.47383122480206,-35.582483137933416
R,181,-63.14988512243779,-44.27226683928419
K,182,-64.50811224467577,-37.60582106514291
A,183,-57.47866380341092,-51.39992578641444
R,184,-55.99189799645522,-40.211129982100466
S,185,-60.74386458480542,-51.7277357207604
S,186,-54.77237753311861,-52.490906959704326
A,187,-53.03943900945249,-46.38612466028129
E,188,-67.78898260518335,-38.21956979204634
V,189,-78.42097774627065,-28.86440575943043
W,190,-55.466138647596516,-59.034188099748405
I,191,-66.16929104327544,-32.11423720882417
R,192,-62.95458439268393,-47.52019988061041
Q,193,-54.97176338625445,-44.77268778958392
M,194,-60.740555588936616,-40.34004722452386
V,195,-70.16085970279048,-31.026924777065165
K,196,-67.29784977360369,-34.035330327957666
E,197,-69.10697279849579,-22.491225395969686
V,198,-76.26547320187021,-49.93438524245953
R,199,-69.18868574357576,-21.170095349944532
S,200,-101.37855628326545,18.70888079363146
N,201,58.90647092299096,24.642267043020667
R,202,-96.44167693770716,-3.9542089196728365
L,203,-145.68355896661257,138.88768210287873
L,204,-132.09284038224263,85.51365208266608
P,205,-78.30264815489389,155.8103624517131
N,206,-68.9272965965906,153.43811087113357
E,207,-59.972027938441,157.82027025253612
H,208,65.02726705818775,13.179071081779984
T,209,-107.65085620280577,151.8332184963349
A,210,-58.63858563141989,-51.46977885711187
L,211,-57.785109717906955,-45.530906370912646
Y,212,-64.39183170780059,-60.32448423299185
E,213,-66.7376171069499,-28.259005287407888
F,214,-78.32918011500465,-50.38657146246415
S,215,-66.90565851324057,-18.40168232503776
W,216,-93.74153297109518,-6.1327985462587815
H,217,-53.374738784952726,138.8645366428479
R,218,-113.57076690518394,119.56599114056091
D,219,-77.9263649238492,-168.0709114102389
E,220,-56.75210374416993,-40.16176331926962
S,221,-66.70249443276975,-26.92706212765293
G,222,97.33806112965885,15.34315078236641
E,223,-106.3892771004348,131.55852899619026
L,224,-60.63661177228621,148.51500915766513
L,225,-73.72405349613679,147.94219646757887
P,226,-49.01930291072512,159.3953683281449
E,227,-71.81627843829438,-41.89718388781208
E,228,-69.09875697714908,-34.507066432163384
V,229,-60.79716409977802,-45.42449385441575
V,230,-56.66454757201597,-48.270790973769024
A,231,-55.819923982473114,-38.75838389078724
V,232,-64.03612436107039,-42.426230690105605
E,233,-71.63191609624599,-32.72295553885084
V,234,-65.3729198776972,-46.80044418277517
L,235,-60.017839136225206,-28.53178414933062
N,236,-74.5329652055056,7.9728881036320525
I,237,-115.8380776333823,-43.11900202543912
L,238,-62.4110298032807,-45.97391077198439
R,239,-66.25286727063096,-54.38328409040336
P,240,-73.50666257812222,-23.776952324071214
T,241,-60.64674056681915,-45.01002052919405
V,242,-64.14462671669746,-36.001567777143464
A,243,-60.63776323150395,-24.686806635026358
I,244,-48.96543146745374,-22.57718380028402
S,245,-51.075229780025104,-36.793213239647876
V,246,-61.90661797433926,-47.74965918422445
Y,247,-65.86436483907276,-30.204051070248536
V,248,-57.80167098787505,-51.31239277579574
L,249,-53.84636179214614,-50.3719636916446
F,250,-64.438616946872,-30.968262161488457
T,251,-72.96689256233476,-44.08674613830924
V,252,-68.77495915478937,-36.015704889044564
L,253,-57.282746813817646,-46.534783515264245
A,254,-59.87494659895559,-38.625677484129426
L,255,-60.98235881655877,-41.85061811077703
H,256,-76.93573446790114,-33.058253732975444
Q,257,-85.02807076798474,-25.445642661780724
F,258,-126.53623064640448,72.11185966742114
P,259,-50.89546196662433,-37.40062358374378
D,260,-66.19549746839829,-43.59652812023605
V,261,-67.63329705961887,-37.131237991002266
K,262,-56.38388305722777,-42.449467848943804
E,263,-65.35806877273642,-32.888355571648006
Q,264,-70.76152976520119,-23.512080347943265
V,265,-75.95760898937158,-41.65877804574665
E,266,-63.67311852097756,-40.84687426484462
R,267,-76.31188671632542,167.04317272900022
G,268,-76.79353749129504,11.756290500220535
E,269,-64.66964504791156,-42.99387990300894
V,270,-124.45511427319055,133.8618210411251
S,271,-74.62039221617506,164.03181087026667
K,272,-59.10198406021947,-45.744013230045965
T,273,-56.36604563266781,-45.459834445606546
E,274,-59.82763500553459,-43.494213358654235
F,275,-62.184426081746814,-40.33584615674773
V,276,-63.70510913804006,-45.43407419869345
Q,277,-59.72203820442782,-44.87716477951983
E,278,-68.45207418916901,-29.694180432529844
V,279,-61.969561238753634,-47.20115612893784
R,280,-65.86874641359694,-26.547861302935104
R,281,-80.10678036795473,-38.13350116371859
F,282,-80.91702760581722,-38.1829283628343
Y,283,-102.37776767707552,135.60449240623
P,284,-76.10353915900437,137.8381126134934
F,285,-143.3593606941406,-79.59375904010922
F,286,-89.72016297661821,115.32747213886282
P,287,-76.48587053385877,-50.70968928111153
V,288,-137.04603630672213,151.23682889049627
A,289,-99.37349398616283,156.7495552973748
A,290,-125.83776648095723,157.5372029098509
A,291,-170.58105676230636,-179.1210413832299
R,292,-139.22952721825504,135.92814946739645
V,293,-58.70362597068128,130.86561120107658
K,294,-71.45963362849275,-66.23015263936716
T,295,-134.40404426826285,166.29684294173342
D,296,-45.155607329158556,128.93792155658085
F,297,-150.5150325279543,172.1153126906543
E,298,-128.45831380211902,137.46842271190408
W,299,-139.50773521133036,127.48396982230142
D,300,60.520750777291816,37.145522132057515
G,301,73.45629448452706,5.622879877470282
Y,302,-105.73733752412817,145.62787870662584
A,303,-107.48722337240335,119.18514997315228
F,304,-97.99380556958113,110.8962411548317
P,305,-86.20554608218278,143.97275871554416
E,306,-52.097202369403945,139.44252068499853
G,307,79.66901164491232,1.0152857497012142
T,308,-74.14202812793684,122.42942625437401
L,309,-64.19155735212776,130.4770281443846
T,310,-125.81840371111404,139.0909404838957
L,311,-120.95380155618054,129.40386059571173
L,312,-101.90912680495575,133.58519841729589
D,313,-91.21554595590986,109.02618526274883
L,314,-82.10883367130555,-54.02484930247056
Y,315,-57.81588261179367,-50.948240578208896
G,316,-57.926707303738155,-44.8665587973806
T,317,-60.24028403197386,-39.55053396618904
N,318,-65.91052719543492,-15.613334533772571
H,319,-110.66055771228396,15.023170054966009
D,320,-65.24413520002466,117.59713776325884
V,321,-62.71551435166225,-18.571122192622994
S,322,-76.91175617340632,-28.435125263771198
I,323,-89.87181762486901,-43.47501051468477
W,324,-112.78223627273921,137.39919277410252
T,325,-84.77328004734663,121.27523696704267
E,326,56.00854453712257,62.9847135496212
P,327,-55.12999546238645,-22.27453479950256
D,328,-86.55659797083659,-8.01088564031472
R,329,-91.8834313602561,135.3208507678563
F,330,-85.06092523699171,101.779564180912
D,331,-141.43303092952002,91.16333420097027
P,332,-58.330974722108614,-31.156934654227836
S,333,-67.30642032588021,-2.6558541587441415
R,334,-67.58390561232541,-9.999475434423282
F,335,-104.42682575067855,-7.607315962047947
K,336,-81.89960853886346,137.14844001135333
D,337,55.04861712312158,47.48932672508806
W,338,-156.18808107007757,104.92235894701703
K,339,-83.00969418858175,136.9031087698423
E,340,-87.1073850186211,154.80880348021688
S,341,-76.97013329514039,171.44765423817753
P,342,-78.55653064150668,6.193445157669145
F,343,-128.05234418319066,-16.074201145175604
N,344,-90.40039052536768,-13.644166068242653
F,345,-139.50226632045477,108.77906503330229
I,346,-140.39548542475592,42.0508039244878
P,347,-59.45144768481378,-25.493289552114316
Q,348,-123.0208171920635,43.781372655241476
G,349,93.33089786634153,163.98352565568797
G,350,-119.63567273573318,-176.038609879849
G,351,83.99178810277098,-167.6937648277951
D,352,-88.05390981519955,128.6135188522338
V,353,-64.07558596746516,-40.09344559868273
D,354,-80.62939024449074,-34.096671732187005
F,355,-107.4125095038218,-5.099402865277513
G,356,-128.2081015584679,-179.87115813138584
H,357,-85.53575172214121,16.210060380714918
R,358,-55.773945940369735,149.88960346039153
C,359,-48.580415457624184,135.99270547860846
A,360,-75.24453595900081,-24.356850667929635
G,361,-110.82085878629951,29.27700689595554
E,362,-72.96604013806598,-44.82256903676655
H,363,-60.145027467191476,-42.76081529026177
V,364,-61.67294437983924,-46.986804469462434
T,365,-53.8333346924407,-49.041532573905116
I,366,-68.68221069120297,-39.70925736821434
A,367,-67.42852710046868,-40.73617848308469
I,368,-64.80101903377758,-43.320260639464955
L,369,-69.52048537208658,-35.86747309599284
A,370,-62.17463443126353,-45.46490452108589
Q,371,-60.19016203617539,-37.31265805487395
V,372,-60.065775157598345,-43.565029780241204
I,373,-54.451999619396354,-44.7595689036819
E,374,-62.469322847881614,-46.910910925169766
L,375,-58.94532999333476,-48.42246748124047
F,376,-89.11576523385017,2.384385362958514
T,377,-110.33030824622442,-46.73113125032353
K,378,-95.84681497500567,-39.90918391107597
E,379,-84.58094796169237,-38.29568548260324
Y,380,-119.10490974298932,151.13638907282916
A,381,-120.03068793052428,148.0348353870875
Y,382,-170.5820181806615,161.16798161772599
T,383,-110.31234806647883,143.50953345541782
V,384,-105.44316904778493,99.56707232777293
P,385,-66.90836531111914,158.4379932099881
P,386,-54.56879444739694,138.4654142738888
Q,387,-175.43348840267242,174.6335408805374
D,388,-88.85028232741348,92.24973179983367
L,389,-85.74055175277549,3.628763324131185
S,390,-75.00144499621945,158.34125360536282
Y,391,-135.99335170652188,150.99840885993396
S,392,-80.92420798367597,143.95231930518113
F,393,-95.21850194596888,0.44778844347154984
V,394,-121.12351668512008,-28.719068371029074
D,395,-87.74094892845129,139.91767185076964
M,396,-127.4737126802091,127.89457561036355
P,397,-77.66107869434691,165.21287036473427
S,398,-85.41064241828037,141.64607529367905
L,399,-147.93196893640456,132.53827543812366
P,400,-51.03560260416484,137.37739644832735
K,401,-67.84700467449086,-42.70791818811323
S,402,-74.00574454805292,-10.029011399967928
K,403,65.70167846083811,27.192536715082905
L,404,59.83022305408281,82.2203313859481
R,405,-83.31128598421292,114.46955551424804
L,406,-107.77553790154263,139.53421073664646
T,407,-126.6445613056653,161.8519195182755
H,408,55.821804504579205,42.76363480263604
L,409,-81.89011457729296,108.45072696284099
T,410,-129.27666355441244,158.72628990283872
R,411,-73.1601824086633,139.14963386181608
